{
  "IcoMoonType": "selection",
  "icons": [
    {
      "icon": {
        "paths": [
          "M2151.332 170v709.333h-1927.332v-709.333h1927.332z"
        ],
        "attrs": [
          {
            "fill": "rgb(223, 61, 58)"
          }
        ],
        "width": 2389,
        "isMulticolor": false,
        "isMulticolor2": false,
        "grid": 0,
        "tags": [
          "icon-dash"
        ]
      },
      "attrs": [
        {
          "fill": "rgb(223, 61, 58)"
        }
      ],
      "properties": {
        "order": 16,
        "id": 3,
        "name": "icon-dash",
        "prevSize": 32,
        "code": 59648
      },
      "setIdx": 0,
      "setId": 6,
      "iconIdx": 0
    },
    {
      "icon": {
        "paths": [
          "M1024 512c0 282.77-229.23 512-512 512s-512-229.23-512-512c0-282.77 229.23-512 512-512s512 229.23 512 512z"
        ],
        "attrs": [
          {
            "fill": "rgb(223, 61, 58)"
          }
        ],
        "isMulticolor": false,
        "isMulticolor2": false,
        "grid": 0,
        "tags": [
          "icon-point"
        ]
      },
      "attrs": [
        {
          "fill": "rgb(223, 61, 58)"
        }
      ],
      "properties": {
        "order": 17,
        "id": 2,
        "name": "icon-point",
        "prevSize": 32,
        "code": 59649
      },
      "setIdx": 0,
      "setId": 6,
      "iconIdx": 1
    },
    {
      "icon": {
        "paths": [
          "M0 493.146v-493.146h572.010v371.309c0 386.779-190.67 604.342-572.010 652.691v-203.059c96.318-25.141 162.168-61.886 197.55-110.232 37.348-48.349 59.953-120.869 67.815-217.563h-265.366z",
          "M820.63 493.146v-493.146h572.010v371.309c0 386.779-190.669 604.342-572.010 652.691v-203.059c96.317-25.141 162.169-61.886 197.55-110.232 37.347-48.349 59.953-120.869 67.817-217.563h-265.368z"
        ],
        "attrs": [
          {
            "fill": "rgb(223, 61, 58)"
          },
          {
            "fill": "rgb(223, 61, 58)"
          }
        ],
        "width": 1393,
        "isMulticolor": false,
        "isMulticolor2": false,
        "grid": 0,
        "tags": [
          "icon-quotes"
        ]
      },
      "attrs": [
        {
          "fill": "rgb(223, 61, 58)"
        },
        {
          "fill": "rgb(223, 61, 58)"
        }
      ],
      "properties": {
        "order": 18,
        "id": 1,
        "name": "icon-quotes",
        "prevSize": 32,
        "code": 59650
      },
      "setIdx": 0,
      "setId": 6,
      "iconIdx": 2
    },
    {
      "icon": {
        "paths": [
          "M44.522 953.041l890.435-890.433M934.957 62.609h-890.435M934.957 62.609v890.433"
        ],
        "attrs": [
          {
            "fill": "none",
            "stroke": "rgb(223, 61, 58)",
            "strokeLinejoin": "miter",
            "strokeLinecap": "butt",
            "strokeMiterlimit": "4",
            "strokeWidth": 89.04347826086956
          }
        ],
        "width": 979,
        "isMulticolor": false,
        "isMulticolor2": false,
        "grid": 0,
        "tags": [
          "icon-vector"
        ]
      },
      "attrs": [
        {
          "fill": "none",
          "stroke": "rgb(223, 61, 58)",
          "strokeLinejoin": "miter",
          "strokeLinecap": "butt",
          "strokeMiterlimit": "4",
          "strokeWidth": 89.04347826086956
        }
      ],
      "properties": {
        "order": 19,
        "id": 0,
        "name": "icon-vector",
        "prevSize": 32,
        "code": 59651
      },
      "setIdx": 0,
      "setId": 6,
      "iconIdx": 3
    },
    {
      "icon": {
        "paths": [
          "M522.999 440.364v141.273c0 75.939-5.939 139.999-17.818 192.182-11.455 52.182-27.997 94.18-49.636 125.999-21.636 31.818-47.727 54.942-78.273 69.367-30.121 13.996-64.061 20.997-101.818 20.997-29.697 0-57.485-4.454-83.364-13.363-25.454-8.909-48.364-23.119-68.727-42.636-20.364-19.94-37.758-45.819-52.182-77.638-14.424-31.814-25.455-70.423-33.091-115.814-7.636-45.396-11.455-98.425-11.455-159.092v-141.273c0-75.939 5.939-139.576 17.818-190.909s28.636-92.485 50.273-123.455c22.060-31.394 48.151-53.879 78.273-67.455 30.545-13.576 64.485-20.363 101.818-20.363 30.121 0 57.909 4.455 83.363 13.364 25.879 8.485 48.788 22.273 68.727 41.364 20.364 18.667 37.758 43.697 52.184 75.091 14.424 30.969 25.242 68.939 32.451 113.909 7.638 44.97 11.455 97.788 11.455 158.455zM411 600.725v-180.089c0-41.576-1.909-78.060-5.727-109.454-3.818-31.818-9.333-58.97-16.546-81.455s-16.546-40.727-28-54.727c-11.030-14-23.758-24.182-38.182-30.545-14.424-6.788-30.334-10.182-47.727-10.182-21.637 0-40.94 5.303-57.909 15.909-16.546 10.182-30.758 26.515-42.637 49-11.454 22.485-20.151 51.969-26.091 88.455s-8.909 80.818-8.909 133v180.089c0 41.579 1.909 78.275 5.727 110.094 4.243 31.818 9.97 59.392 17.182 82.725 7.637 22.91 16.97 41.789 28 56.637s23.757 25.879 38.182 33.094c14.424 6.786 30.121 10.179 47.091 10.179 22.485 0 42-5.516 58.545-16.547 16.97-11.027 31.182-28.211 42.637-51.544 11.454-23.757 19.939-54.090 25.454-91.001 5.94-37.329 8.909-81.878 8.909-133.637zM1007.272 45.818v931.636h-112.635v-784.636l-194.728 86.545v-106.273l290.183-127.273h17.18z"
        ],
        "attrs": [
          {
            "fill": "rgb(223, 61, 58)"
          }
        ],
        "isMulticolor": false,
        "isMulticolor2": false,
        "grid": 0,
        "tags": [
          "icon-btn01"
        ],
        "colorPermutations": {
          "2236158123123123112552552551": [
            {
              "f": 0
            }
          ]
        }
      },
      "attrs": [
        {
          "fill": "rgb(223, 61, 58)"
        }
      ],
      "properties": {
        "order": 9,
        "id": 6,
        "name": "icon-btn01",
        "prevSize": 32,
        "code": 59652
      },
      "setIdx": 1,
      "setId": 5,
      "iconIdx": 0
    },
    {
      "icon": {
        "paths": [
          "M522.999 440.364v141.273c0 75.939-5.939 139.999-17.818 192.182-11.455 52.182-27.997 94.18-49.636 125.999-21.636 31.818-47.727 54.942-78.273 69.367-30.121 13.996-64.061 20.997-101.818 20.997-29.697 0-57.485-4.454-83.364-13.363-25.454-8.909-48.364-23.119-68.727-42.636-20.364-19.94-37.758-45.819-52.182-77.638-14.424-31.814-25.455-70.423-33.091-115.814-7.636-45.396-11.455-98.425-11.455-159.092v-141.273c0-75.939 5.939-139.576 17.818-190.909s28.636-92.485 50.273-123.455c22.060-31.394 48.151-53.879 78.273-67.455 30.545-13.576 64.485-20.363 101.818-20.363 30.121 0 57.909 4.455 83.363 13.364 25.879 8.485 48.788 22.273 68.727 41.364 20.364 18.667 37.758 43.697 52.184 75.091 14.424 30.969 25.242 68.939 32.451 113.909 7.638 44.97 11.455 97.788 11.455 158.455zM411 600.725v-180.089c0-41.576-1.909-78.060-5.727-109.454-3.818-31.818-9.333-58.97-16.546-81.455s-16.546-40.727-28-54.727c-11.030-14-23.758-24.182-38.182-30.545-14.424-6.788-30.334-10.182-47.727-10.182-21.637 0-40.94 5.303-57.909 15.909-16.546 10.182-30.758 26.515-42.637 49-11.454 22.485-20.151 51.969-26.091 88.455s-8.909 80.818-8.909 133v180.089c0 41.579 1.909 78.275 5.727 110.094 4.243 31.818 9.97 59.392 17.182 82.725 7.637 22.91 16.97 41.789 28 56.637s23.757 25.879 38.182 33.094c14.424 6.786 30.121 10.179 47.091 10.179 22.485 0 42-5.516 58.545-16.547 16.97-11.027 31.182-28.211 42.637-51.544 11.454-23.757 19.939-54.090 25.454-91.001 5.94-37.329 8.909-81.878 8.909-133.637zM1189.911 880.728v96.726h-518.004v-84.638l255.185-337.906c31.39-41.579 55.361-76.791 71.908-105.638 16.547-29.272 28.002-55.363 34.365-78.273 6.363-23.333 9.542-47.091 9.542-71.273 0-30.545-4.878-58.121-14.634-82.727-9.756-25.030-23.971-44.97-42.636-59.818-18.669-14.848-41.151-22.272-67.454-22.272-34.365 0-62.576 8.060-84.638 24.182-21.634 15.697-37.544 37.758-47.728 66.182-10.179 28.424-15.272 61.091-15.272 98h-112.635c0-52.182 9.542-99.909 28.635-143.182 19.517-43.273 48.575-77.636 87.18-103.091 38.609-25.879 86.761-38.818 144.458-38.818 49.636 0 92.058 10.394 127.269 31.182 35.64 20.364 62.79 49.213 81.455 86.546 19.093 36.909 28.639 80.182 28.639 129.818 0 27.152-3.821 54.727-11.455 82.728-7.215 27.575-17.394 55.151-30.548 82.727-12.726 27.575-27.788 54.725-45.182 81.456-17.394 26.726-36.059 53.029-55.999 78.909l-205.545 269.182h383.092z"
        ],
        "attrs": [
          {
            "fill": "rgb(223, 61, 58)",
            "opacity": 0.2
          }
        ],
        "width": 1210,
        "isMulticolor": false,
        "isMulticolor2": false,
        "grid": 0,
        "tags": [
          "icon-btn02"
        ],
        "colorPermutations": {
          "2236158123123123112552552551": [
            {
              "f": 0
            }
          ]
        }
      },
      "attrs": [
        {
          "fill": "rgb(223, 61, 58)",
          "opacity": 0.2
        }
      ],
      "properties": {
        "order": 10,
        "id": 5,
        "name": "icon-btn02",
        "prevSize": 32,
        "code": 59653
      },
      "setIdx": 1,
      "setId": 5,
      "iconIdx": 1
    },
    {
      "icon": {
        "paths": [
          "M522.999 440.364v141.273c0 75.939-5.939 139.999-17.818 192.182-11.455 52.182-27.997 94.18-49.636 125.999-21.636 31.818-47.727 54.942-78.273 69.367-30.121 13.996-64.061 20.997-101.818 20.997-29.697 0-57.485-4.454-83.364-13.363-25.454-8.909-48.364-23.119-68.727-42.636-20.364-19.94-37.758-45.819-52.182-77.638-14.424-31.814-25.455-70.423-33.091-115.814-7.636-45.396-11.455-98.425-11.455-159.092v-141.273c0-75.939 5.939-139.576 17.818-190.909s28.636-92.485 50.273-123.455c22.060-31.394 48.151-53.879 78.273-67.455 30.545-13.576 64.485-20.363 101.818-20.363 30.121 0 57.909 4.455 83.363 13.364 25.879 8.485 48.788 22.273 68.727 41.364 20.364 18.667 37.758 43.697 52.184 75.091 14.424 30.969 25.242 68.939 32.451 113.909 7.638 44.97 11.455 97.788 11.455 158.455zM411 600.725v-180.089c0-41.576-1.909-78.060-5.727-109.454-3.818-31.818-9.333-58.97-16.546-81.455s-16.546-40.727-28-54.727c-11.030-14-23.758-24.182-38.182-30.545-14.424-6.788-30.334-10.182-47.727-10.182-21.637 0-40.94 5.303-57.909 15.909-16.546 10.182-30.758 26.515-42.637 49-11.454 22.485-20.151 51.969-26.091 88.455s-8.909 80.818-8.909 133v180.089c0 41.579 1.909 78.275 5.727 110.094 4.243 31.818 9.97 59.392 17.182 82.725 7.637 22.91 16.97 41.789 28 56.637s23.757 25.879 38.182 33.094c14.424 6.786 30.121 10.179 47.091 10.179 22.485 0 42-5.516 58.545-16.547 16.97-11.027 31.182-28.211 42.637-51.544 11.454-23.757 19.939-54.090 25.454-91.001 5.94-37.329 8.909-81.878 8.909-133.637zM816.365 456.273h72.546c32.242 0 58.968-6.788 80.179-20.364 21.211-14 36.911-32.879 47.090-56.636 10.608-24.182 15.909-51.334 15.909-81.455 0-35.637-4.664-65.546-14.001-89.728-9.332-24.182-23.333-42.424-41.998-54.727-18.241-12.303-41.365-18.454-69.362-18.454-26.303 0-49.213 6.575-68.729 19.727-19.517 12.727-34.574 30.969-45.182 54.727s-15.909 51.758-15.909 84h-111.998c0-47.091 9.756-89.939 29.272-128.545 19.935-38.606 47.937-69.364 84.001-92.273 36.482-22.909 79.332-34.363 128.545-34.363 47.090 0 88.455 9.97 124.090 29.909 35.635 19.515 63.423 48.788 83.363 87.818 20.364 38.606 30.543 86.757 30.543 144.455 0 23.333-4.454 48.364-13.363 75.091-8.485 26.303-22.272 50.909-41.36 73.818-18.669 22.908-43.273 41.787-73.821 56.635-30.12 14.424-67.030 21.639-110.727 21.639h-89.088v-71.274zM816.365 553.002v-70.637h89.088c51.759 0 93.971 7 126.636 21.001 32.67 13.996 57.912 32.666 75.729 55.999s30.12 48.998 36.906 77c7.215 27.574 10.822 55.152 10.822 82.725 0 43.273-6.363 81.669-19.093 115.181-12.302 33.517-29.91 61.943-52.82 85.276-22.481 23.333-48.784 40.937-78.909 52.815-30.12 11.878-62.999 17.818-98.634 17.818-34.788 0-67.030-5.725-96.726-17.18s-55.789-28.002-78.275-49.636c-22.481-22.063-40.090-48.998-52.815-80.817-12.307-32.242-18.455-68.943-18.455-110.094h112.635c0 32.242 5.302 60.458 15.909 84.638s25.879 43.059 45.819 56.637c19.94 13.149 43.906 19.726 71.908 19.726s52.182-6.149 72.546-18.455c20.364-12.726 36.059-31.818 47.090-57.27 11.455-25.456 17.18-57.488 17.18-96.093s-6.363-70.214-19.088-94.818c-12.302-25.032-29.91-43.483-52.82-55.366-22.91-12.302-50.274-18.451-82.088-18.451h-72.546z"
        ],
        "attrs": [
          {
            "fill": "rgb(223, 61, 58)",
            "opacity": 0.2
          }
        ],
        "width": 1164,
        "isMulticolor": false,
        "isMulticolor2": false,
        "grid": 0,
        "tags": [
          "icon-btn03"
        ],
        "colorPermutations": {
          "2236158123123123112552552551": [
            {
              "f": 0
            }
          ]
        }
      },
      "attrs": [
        {
          "fill": "rgb(223, 61, 58)",
          "opacity": 0.2
        }
      ],
      "properties": {
        "order": 11,
        "id": 4,
        "name": "icon-btn03",
        "prevSize": 32,
        "code": 59654
      },
      "setIdx": 1,
      "setId": 5,
      "iconIdx": 2
    },
    {
      "icon": {
        "paths": [
          "M522.999 440.364v141.273c0 75.939-5.939 139.999-17.818 192.182-11.455 52.182-27.997 94.18-49.636 125.999-21.636 31.818-47.727 54.942-78.273 69.367-30.121 13.996-64.061 20.997-101.818 20.997-29.697 0-57.485-4.454-83.364-13.363-25.454-8.909-48.364-23.119-68.727-42.636-20.364-19.94-37.758-45.819-52.182-77.638-14.424-31.814-25.455-70.423-33.091-115.814-7.636-45.396-11.455-98.425-11.455-159.092v-141.273c0-75.939 5.939-139.576 17.818-190.909s28.636-92.485 50.273-123.455c22.060-31.394 48.151-53.879 78.273-67.455 30.545-13.576 64.485-20.363 101.818-20.363 30.121 0 57.909 4.455 83.363 13.364 25.879 8.485 48.788 22.273 68.727 41.364 20.364 18.667 37.758 43.697 52.184 75.091 14.424 30.969 25.242 68.939 32.451 113.909 7.638 44.97 11.455 97.788 11.455 158.455zM411 600.725v-180.089c0-41.576-1.909-78.060-5.727-109.454-3.818-31.818-9.333-58.97-16.546-81.455s-16.546-40.727-28-54.727c-11.030-14-23.758-24.182-38.182-30.545-14.424-6.788-30.334-10.182-47.727-10.182-21.637 0-40.94 5.303-57.909 15.909-16.546 10.182-30.758 26.515-42.637 49-11.454 22.485-20.151 51.969-26.091 88.455s-8.909 80.818-8.909 133v180.089c0 41.579 1.909 78.275 5.727 110.094 4.243 31.818 9.97 59.392 17.182 82.725 7.637 22.91 16.97 41.789 28 56.637s23.757 25.879 38.182 33.094c14.424 6.786 30.121 10.179 47.091 10.179 22.485 0 42-5.516 58.545-16.547 16.97-11.027 31.182-28.211 42.637-51.544 11.454-23.757 19.939-54.090 25.454-91.001 5.94-37.329 8.909-81.878 8.909-133.637zM1201.999 665.637v96.726h-566.365v-69.362l344.273-642.092h90.363l-90.363 185.818-218.908 428.91h441zM1098.91 50.909v926.545h-112.635v-926.545h112.635z"
        ],
        "attrs": [
          {
            "fill": "rgb(223, 61, 58)",
            "opacity": 0.2
          }
        ],
        "width": 1210,
        "isMulticolor": false,
        "isMulticolor2": false,
        "grid": 0,
        "tags": [
          "icon-btn04"
        ],
        "colorPermutations": {
          "2236158123123123112552552551": [
            {
              "f": 0
            }
          ]
        }
      },
      "attrs": [
        {
          "fill": "rgb(223, 61, 58)",
          "opacity": 0.2
        }
      ],
      "properties": {
        "order": 12,
        "id": 3,
        "name": "icon-btn04",
        "prevSize": 32,
        "code": 59655
      },
      "setIdx": 1,
      "setId": 5,
      "iconIdx": 3
    },
    {
      "icon": {
        "paths": [
          "M6739.776 161.505h1438.336l141.952-161.098h-2059.744l-571.507 974.243h1334.803l95.872-161.094h-763.277l145.741-245.472h763.264l92.096-161.098h-759.488l141.952-245.481zM5638.95 406.986h-567.674l92.051-157.258c38.362-65.207 72.877-88.223 130.413-88.223 57.542 0 76.704 46.031 46.035 103.571h579.168l57.542-103.571c42.189-76.716 42.189-161.098-61.37-161.098h-1020.275c-92.051 0-164.934 11.508-218.637 99.731l-180.275 306.849c-49.856 88.223-46.016 161.098 76.717 161.098h586.842l-95.891 168.768c-26.842 46.029-61.382 76.704-141.914 76.704-69.043 0-65.203-46.035-34.522-92.051h-575.347l-69.043 115.066c-42.182 72.877-7.667 138.080 92.051 138.080h1012.608c92.051 0 172.589-42.189 218.637-118.906l172.595-287.661c38.374-72.875 19.187-161.098-99.712-161.098z",
          "M8103.104 189.889c-46.784 0-84.736 36.799-84.736 81.754 0 45.885 37.952 82.684 84.736 82.684 46.592 0 84.352-36.799 84.352-82.684 0-44.955-37.76-81.754-84.352-81.754zM8103.104 338.256c-38.208 0-68.672-29.118-68.672-66.614 0-36.333 30.464-65.684 68.672-65.684 37.76 0 68.288 29.35 68.288 65.684 0 37.496-30.528 66.614-68.288 66.614zM4330.963 0.406h-866.848c-118.906 0-272.333 0-364.384 161.098l-383.565 652.051c-53.702 88.218-7.667 161.094 92.051 161.094h1008.768c103.571 0 168.762-30.682 249.318-161.094l383.565-652.051c49.85-84.383-26.854-161.098-118.906-161.098zM3843.84 249.727l-287.674 487.124c-38.362 69.043-72.877 76.704-161.094 76.704-88.224 0-111.245-30.688-84.384-76.704l291.501-487.124c42.189-72.875 92.051-88.223 164.922-88.223 72.902 0 115.078 23.016 76.73 88.223zM2812.058 0.406h-1112.339l-479.443 813.149h-1058.627l-161.649 161.094h2298.093c141.907 0 187.942-69.050 218.624-122.733l115.066-199.462c30.682-53.699 30.682-115.067-30.682-149.578 61.485 0 145.747-42.191 195.622-130.414l115.066-195.61c57.523-95.903-11.507-176.446-99.731-176.446zM2240.55 656.294l-57.536 92.051c-15.341 30.694-42.195 65.21-107.398 65.21h-283.834l145.843-245.472h276.083c49.856 0 49.856 46.032 26.842 88.211zM2482.195 249.727l-57.542 92.051c-15.347 30.684-42.189 65.208-107.398 65.208h-283.834l145.754-245.481h276.16c49.875 0 49.875 46.031 26.861 88.223z",
          "M8146.432 250.227c0-7.68-3.52-15.837-10.496-19.8-7.232-3.962-15.104-4.427-23.040-4.427h-41.28v92.002h14.016v-42.387h16.576l27.008 42.387h16.064l-28.672-42.387c16.768-0.465 29.824-7.228 29.824-25.388zM8100.992 264.193h-15.36v-27.724h24.448c11.904 0 22.336 1.626 22.336 13.514 0 16.547-18.112 14.211-31.424 14.211z"
        ],
        "attrs": [
          {
            "fill": "rgb(231, 231, 231)"
          },
          {
            "fill": "rgb(231, 231, 231)"
          },
          {
            "fill": "rgb(231, 231, 231)"
          }
        ],
        "width": 8320,
        "isMulticolor": false,
        "isMulticolor2": false,
        "grid": 0,
        "tags": [
          "icon-logo"
        ],
        "colorPermutations": {
          "2236158123123123112552552551": [
            {
              "f": 1
            },
            {
              "f": 1
            },
            {
              "f": 1
            }
          ]
        }
      },
      "attrs": [
        {
          "fill": "rgb(231, 231, 231)"
        },
        {
          "fill": "rgb(231, 231, 231)"
        },
        {
          "fill": "rgb(231, 231, 231)"
        }
      ],
      "properties": {
        "order": 13,
        "id": 2,
        "name": "icon-logo",
        "prevSize": 32,
        "code": 59656
      },
      "setIdx": 1,
      "setId": 5,
      "iconIdx": 4
    },
    {
      "icon": {
        "paths": [
          "M1024 512c0 282.77-229.23 512-512 512s-512-229.23-512-512c0-282.77 229.23-512 512-512s512 229.23 512 512z",
          "M667.050 508.394l-227.155 131.148v-262.296l227.155 131.149z"
        ],
        "attrs": [
          {
            "fill": "rgb(223, 61, 58)"
          },
          {
            "fill": "rgb(255, 255, 255)",
            "opacity": 0.8
          }
        ],
        "isMulticolor": true,
        "isMulticolor2": true,
        "grid": 0,
        "tags": [
          "icon-play"
        ],
        "colorPermutations": {
          "2236158123123123112552552551": [
            {
              "f": 0
            },
            {
              "f": 2
            }
          ]
        }
      },
      "attrs": [
        {
          "fill": "rgb(223, 61, 58)"
        },
        {
          "fill": "rgb(255, 255, 255)",
          "opacity": 0.8
        }
      ],
      "properties": {
        "order": 14,
        "id": 1,
        "name": "icon-play",
        "prevSize": 32,
        "code": 59657,
        "codes": [
          59657,
          59658
        ]
      },
      "setIdx": 1,
      "setId": 5,
      "iconIdx": 5
    },
    {
      "icon": {
        "paths": [
          "M1024 512c0 282.77-229.23 512-512 512s-512-229.23-512-512c0-282.77 229.23-512 512-512s512 229.23 512 512z",
          "M470.382 619.142c0-26.665 2.777-48.333 8.333-65 5.554-16.667 19.11-37.888 40.665-63.666l23.335-30.001c15.555-21.777 23.333-44.444 23.333-67.998 0-23.335-4.888-41.557-14.668-54.667-9.555-13.334-23.333-20-41.333-20-16.889 0-31 5.998-42.333 17.998-11.11 12-16.667 28.111-16.667 48.335h-58.665c0.444-36.667 11.554-65.89 33.331-87.667 21.78-21.78 49.891-32.668 84.334-32.668 35.779 0 63.89 11.223 84.334 33.668 20.443 22.443 30.666 53.443 30.666 92.999 0 37.778-15.443 75.666-46.334 113.666l-30.666 37.001c-12.666 18-19 44-19 78h-58.665zM502.382 689.476c11.11 0 19.444 3.445 25 10.333 5.776 6.668 8.665 15.002 8.665 25 0 10.001-2.889 18.334-8.665 25-5.556 6.444-13.89 9.667-25 9.667-11.335 0-19.778-3.223-25.334-9.667-5.332-6.666-7.999-14.999-7.999-25 0-9.999 2.667-18.332 7.999-25 5.556-6.888 14-10.333 25.334-10.333z"
        ],
        "attrs": [
          {
            "fill": "rgb(255, 255, 255)",
            "opacity": 0.1
          },
          {
            "fill": "rgb(231, 231, 231)"
          }
        ],
        "isMulticolor": true,
        "isMulticolor2": true,
        "grid": 0,
        "tags": [
          "icon-question"
        ],
        "colorPermutations": {
          "2236158123123123112552552551": [
            {
              "f": 2
            },
            {
              "f": 1
            }
          ]
        }
      },
      "attrs": [
        {
          "fill": "rgb(255, 255, 255)",
          "opacity": 0.1
        },
        {
          "fill": "rgb(231, 231, 231)"
        }
      ],
      "properties": {
        "order": 15,
        "id": 0,
        "name": "icon-question",
        "prevSize": 32,
        "code": 59659,
        "codes": [
          59659,
          59660
        ]
      },
      "setIdx": 1,
      "setId": 5,
      "iconIdx": 6
    }
  ],
  "height": 1024,
  "preferences": {
    "showGlyphs": true,
    "showQuickUse": true,
    "showQuickUse2": true,
    "showSVGs": true,
    "fontPref": {
      "prefix": "icon-",
      "metadata": {
        "fontFamily": "icomoon",
        "majorVersion": 1,
        "minorVersion": 0
      },
      "metrics": {
        "emSize": 1024,
        "baseline": 6.25,
        "whitespace": 50
      },
      "embed": false,
      "showSelector": true,
      "showMetrics": false,
      "showMetadata": false,
      "showVersion": false
    },
    "imagePref": {
      "prefix": "icon-",
      "png": true,
      "useClassSelector": true,
      "color": 0,
      "bgColor": 16777215,
      "classSelector": ".icon",
      "name": "icomoon",
      "height": 32,
      "columns": 16,
      "margin": 16
    },
    "historySize": 50,
    "showCodes": true,
    "gridSize": 16
  }
}